,cell_type_0,cell_type_1,cell_type_2,cell_type_3,cell_type_5,cell_type_6,cell_type_7
SPSB1,0.2952082101228617,0.31488875746438577,-0.31488875746438577,0.3591667202828096,0.2952082101228617,0.2952082101228617,0.31488875746438577
MARCKSL1,0.31488875746438577,-0.2952082101228617,-0.31488875746438577,-0.31488875746438577,-0.2952082101228617,-0.2952082101228617,-0.31488875746438577
DAB1,0.2952082101228617,0.31488875746438577,0.2952082101228617,0.31488875746438577,0.3591667202828096,0.31488875746438577,0.31488875746438577
PDE4B,0.31488875746438577,0.2952082101228617,0.31488875746438577,0.2952082101228617,0.31488875746438577,0.2952082101228617,0.2952082101228617
SLC44A5,0.2952082101228617,0.31488875746438577,0.3347096559518362,0.2952082101228617,0.31488875746438577,0.2952082101228617,0.31488875746438577
ADGRL2,0.2952082101228617,0.31488875746438577,0.31488875746438577,0.2952082101228617,0.3347096559518362,0.2952082101228617,0.31488875746438577
TXNIP,0.31488875746438577,0.31488875746438577,0.2952082101228617,0.31488875746438577,0.33671880026513396,0.2952082101228617,0.31488875746438577
KCNN3,0.31488875746438577,0.31488875746438577,0.31488875746438577,0.31488875746438577,0.31488875746438577,0.31488875746438577,-0.2952082101228617
ADAMTS4,0.2952082101228617,-0.3591667202828096,0.31488875746438577,-0.31488875746438577,-0.31488875746438577,-0.2952082101228617,-0.31488875746438577
HSPA6,0.2952082101228617,0.31488875746438577,0.2952082101228617,0.31488875746438577,0.33671880026513396,0.2952082101228617,0.31488875746438577
MPZL1,0.2952082101228617,0.2952082101228617,0.2952082101228617,0.31488875746438577,0.33671880026513396,0.2952082101228617,0.2952082101228617
PAPPA2,0.31488875746438577,-0.31488875746438577,-0.2952082101228617,-0.2952082101228617,-0.33671880026513396,-0.31488875746438577,-0.2952082101228617
CACNA1E,0.2952082101228617,0.31488875746438577,0.2952082101228617,0.31488875746438577,0.31488875746438577,0.31488875746438577,0.31488875746438577
HMCN1,-0.31488875746438577,-0.2952082101228617,-0.31488875746438577,-0.2952082101228617,-0.2952082101228617,-0.2952082101228617,-0.31488875746438577
CR1,0.2952082101228617,-0.3591667202828096,0.31488875746438577,-0.31488875746438577,-0.31488875746438577,-0.31488875746438577,-0.31488875746438577
LINC00467,0.3591667202828096,0.31488875746438577,0.2952082101228617,0.31488875746438577,0.2952082101228617,0.31488875746438577,0.31488875746438577
PROX1-AS1,-0.2952082101228617,-0.2952082101228617,-0.31488875746438577,-0.31488875746438577,-0.31488875746438577,-0.2952082101228617,-0.2952082101228617
SMYD2,0.2952082101228617,0.31488875746438577,0.2952082101228617,0.31488875746438577,0.33671880026513396,0.31488875746438577,0.2952082101228617
TGFB2,0.2952082101228617,0.31488875746438577,0.2952082101228617,0.31488875746438577,0.31488875746438577,0.2952082101228617,0.31488875746438577
DNAH14,0.2952082101228617,0.2952082101228617,0.31488875746438577,0.31488875746438577,0.31488875746438577,0.2952082101228617,0.31488875746438577
CHRM3,0.2952082101228617,0.31488875746438577,0.2952082101228617,0.2952082101228617,0.31488875746438577,0.2952082101228617,0.31488875746438577
PTRHD1,-0.31488875746438577,-0.2952082101228617,-0.31488875746438577,-0.2952082101228617,-0.31488875746438577,-0.2952082101228617,-0.2952082101228617
TOGARAM2,-0.31488875746438577,0.2952082101228617,-0.31488875746438577,-0.2952082101228617,-0.2952082101228617,-0.31488875746438577,-0.31488875746438577
RMDN2,0.2952082101228617,0.31488875746438577,0.2952082101228617,0.31488875746438577,0.33671880026513396,0.2952082101228617,0.31488875746438577
RMDN2-AS1,-0.2952082101228617,-0.31488875746438577,-0.31488875746438577,0.31488875746438577,-0.31488875746438577,0.31488875746438577,0.31488875746438577
MAP4K3-DT,0.31488875746438577,0.2952082101228617,0.2952082101228617,0.31488875746438577,0.2952082101228617,0.31488875746438577,0.31488875746438577
SLC8A1-AS1,0.2952082101228617,-0.31488875746438577,-0.31488875746438577,0.31488875746438577,0.2952082101228617,0.31488875746438577,0.31488875746438577
ZFP36L2,0.31488875746438577,0.2952082101228617,0.31488875746438577,0.31488875746438577,0.2952082101228617,0.31488875746438577,0.31488875746438577
NRXN1,0.2952082101228617,0.31488875746438577,0.2952082101228617,0.2952082101228617,0.31488875746438577,0.36908387964894684,0.31488875746438577
EML6,0.2952082101228617,0.3591667202828096,0.2952082101228617,0.31488875746438577,0.31488875746438577,0.31488875746438577,0.36908387964894684
LINC01793,-0.31488875746438577,-0.31488875746438577,-0.2952082101228617,-0.3591667202828096,-0.2952082101228617,-0.2952082101228617,-0.31488875746438577
WDPCP,0.2952082101228617,0.31488875746438577,0.2952082101228617,0.31488875746438577,0.33671880026513396,0.2952082101228617,0.31488875746438577
SERTAD2,0.2952082101228617,0.31488875746438577,0.2952082101228617,0.31488875746438577,0.33671880026513396,0.2952082101228617,0.31488875746438577
ANTXR1,-0.31488875746438577,0.31488875746438577,0.2952082101228617,0.31488875746438577,0.2952082101228617,0.2952082101228617,0.2952082101228617
TACR1,-0.31488875746438577,0.31488875746438577,-0.31488875746438577,0.31488875746438577,-0.31488875746438577,0.31488875746438577,-0.2952082101228617
CTNNA2,0.2952082101228617,0.31488875746438577,0.2952082101228617,0.2952082101228617,0.3347096559518362,0.2952082101228617,0.31488875746438577
DNAH6,-0.31488875746438577,0.31488875746438577,0.2952082101228617,0.2952082101228617,0.3347096559518362,0.31488875746438577,0.2952082101228617
AFF3,0.2952082101228617,0.31488875746438577,0.31488875746438577,0.31488875746438577,0.3591667202828096,0.31488875746438577,0.2952082101228617
CNTNAP5,0.2952082101228617,0.31488875746438577,0.2952082101228617,0.2952082101228617,0.31488875746438577,0.2952082101228617,0.31488875746438577
BIN1,0.2952082101228617,0.2952082101228617,0.2952082101228617,0.34601613717088764,0.2952082101228617,0.31488875746438577,0.2952082101228617
NCKAP5,0.2952082101228617,0.31488875746438577,0.2952082101228617,0.2952082101228617,0.2952082101228617,0.31488875746438577,0.31488875746438577
NCKAP5-AS1,-0.2952082101228617,-0.2952082101228617,-0.31488875746438577,0.31488875746438577,-0.31488875746438577,0.31488875746438577,-0.2952082101228617
NCKAP5-AS2,-0.31488875746438577,0.31488875746438577,0.2952082101228617,0.31488875746438577,0.33671880026513396,0.31488875746438577,0.31488875746438577
TMEM163,0.2952082101228617,0.31488875746438577,0.2952082101228617,0.2952082101228617,0.2952082101228617,0.2952082101228617,0.2952082101228617
CCNT2-AS1,0.2952082101228617,0.31488875746438577,0.2952082101228617,0.2952082101228617,0.2952082101228617,0.2952082101228617,0.31488875746438577
GALNT13,0.2952082101228617,0.31488875746438577,0.2952082101228617,0.2952082101228617,0.31488875746438577,0.36908387964894684,0.31488875746438577
RBMS1,0.31488875746438577,0.31488875746438577,0.2952082101228617,0.31488875746438577,0.2952082101228617,0.2952082101228617,0.31488875746438577
DPP4,-0.31488875746438577,-0.2952082101228617,-0.2952082101228617,-0.2952082101228617,-0.31488875746438577,-0.2952082101228617,-0.31488875746438577
STK39,0.2952082101228617,0.3347096559518362,0.2952082101228617,0.2952082101228617,0.31488875746438577,0.2952082101228617,0.2952082101228617
MAP3K20,0.2952082101228617,0.31488875746438577,0.2952082101228617,0.2952082101228617,0.2952082101228617,0.2952082101228617,0.31488875746438577
OSBPL6,0.2952082101228617,0.31488875746438577,0.2952082101228617,0.31488875746438577,0.2952082101228617,0.31488875746438577,0.2952082101228617
SESTD1,0.31488875746438577,0.31488875746438577,0.31488875746438577,0.31488875746438577,0.3347096559518362,0.2952082101228617,0.2952082101228617
ZNF804A,0.2952082101228617,-0.31488875746438577,-0.31488875746438577,0.31488875746438577,0.31488875746438577,0.2952082101228617,0.31488875746438577
FSIP2-AS1,-0.31488875746438577,0.31488875746438577,-0.31488875746438577,0.31488875746438577,0.31488875746438577,0.31488875746438577,0.2952082101228617
FSIP2,-0.2952082101228617,-0.2952082101228617,-0.31488875746438577,0.31488875746438577,-0.31488875746438577,0.31488875746438577,-0.2952082101228617
CALCRL,-0.31488875746438577,0.2952082101228617,-0.31488875746438577,-0.2952082101228617,-0.2952082101228617,-0.31488875746438577,-0.31488875746438577
PLCL1,0.31488875746438577,0.2952082101228617,0.31488875746438577,0.31488875746438577,0.31488875746438577,0.31488875746438577,0.31488875746438577
ICA1L,0.2952082101228617,0.31488875746438577,0.31488875746438577,0.2952082101228617,0.31488875746438577,0.31488875746438577,0.31488875746438577
ERBB4,0.2952082101228617,0.31488875746438577,0.2952082101228617,0.2952082101228617,0.3347096559518362,0.2952082101228617,0.31488875746438577
MOGAT1,-0.2952082101228617,0.2952082101228617,-0.31488875746438577,-0.2952082101228617,-0.3591667202828096,0.31488875746438577,-0.2952082101228617
COL4A4,-0.2952082101228617,0.2952082101228617,-0.31488875746438577,-0.2952082101228617,-0.31488875746438577,0.31488875746438577,-0.2952082101228617
PID1,0.2952082101228617,0.31488875746438577,0.2952082101228617,0.2952082101228617,0.2952082101228617,0.31488875746438577,0.2952082101228617
AGAP1,0.2952082101228617,0.31488875746438577,0.2952082101228617,0.31488875746438577,0.33671880026513396,0.2952082101228617,0.2952082101228617
GHRL,-0.31488875746438577,0.31488875746438577,0.31488875746438577,0.31488875746438577,0.33671880026513396,0.31488875746438577,0.2952082101228617
NEK10,0.31488875746438577,0.33671880026513396,0.31488875746438577,0.31488875746438577,0.2952082101228617,0.31488875746438577,0.31488875746438577
RBMS3,0.31488875746438577,0.31488875746438577,0.2952082101228617,0.31488875746438577,0.3591667202828096,0.2952082101228617,0.31488875746438577
RBMS3-AS2,-0.2952082101228617,-0.31488875746438577,-0.2952082101228617,-0.2952082101228617,-0.31488875746438577,-0.2952082101228617,-0.2952082101228617
CX3CR1,0.2952082101228617,0.31488875746438577,0.2952082101228617,0.31488875746438577,0.2952082101228617,0.31488875746438577,0.31488875746438577
MOBP,0.31488875746438577,-0.31488875746438577,-0.31488875746438577,0.31488875746438577,0.31488875746438577,0.31488875746438577,-0.31488875746438577
CDCP1,-0.31488875746438577,0.31488875746438577,-0.31488875746438577,0.31488875746438577,0.3591667202828096,0.2952082101228617,0.31488875746438577
PFKFB4,0.2952082101228617,0.31488875746438577,-0.31488875746438577,0.2952082101228617,0.2952082101228617,0.2952082101228617,0.2952082101228617
BSN,0.2952082101228617,0.31488875746438577,0.31488875746438577,0.2952082101228617,0.31488875746438577,0.31488875746438577,0.31488875746438577
DOCK3,0.2952082101228617,0.31488875746438577,0.31488875746438577,0.31488875746438577,0.31488875746438577,0.2952082101228617,0.3137903024548465
CACNA2D3,0.2952082101228617,0.31488875746438577,0.2952082101228617,0.31488875746438577,0.31488875746438577,0.31488875746438577,0.31488875746438577
ERC2,0.2952082101228617,0.2952082101228617,0.31488875746438577,0.2952082101228617,0.31488875746438577,0.2952082101228617,0.2952082101228617
HESX1,-0.31488875746438577,-0.3591667202828096,-0.31488875746438577,0.31488875746438577,0.2952082101228617,0.31488875746438577,-0.36908387964894684
PTPRG,0.2952082101228617,0.31488875746438577,0.2952082101228617,0.2952082101228617,0.31488875746438577,0.2952082101228617,0.31488875746438577
SYNPR,0.2952082101228617,0.31488875746438577,0.31488875746438577,0.2952082101228617,0.31488875746438577,0.31488875746438577,0.31488875746438577
ADAMTS9-AS2,0.2952082101228617,0.3591667202828096,0.2952082101228617,0.31488875746438577,0.31488875746438577,0.31488875746438577,0.36908387964894684
LMOD3,-0.31488875746438577,-0.3347096559518362,-0.2952082101228617,-0.2952082101228617,-0.2952082101228617,-0.2952082101228617,-0.2952082101228617
ROBO1,0.2952082101228617,0.31488875746438577,0.31488875746438577,0.2952082101228617,0.31488875746438577,0.2952082101228617,0.31488875746438577
LINC02008,-0.31488875746438577,-0.2952082101228617,-0.31488875746438577,0.31488875746438577,0.33671880026513396,0.31488875746438577,0.31488875746438577
CADM2,0.2952082101228617,0.31488875746438577,0.2952082101228617,0.3137903024548465,0.31488875746438577,0.2952082101228617,0.31488875746438577
ABI3BP,-0.31488875746438577,0.2952082101228617,-0.31488875746438577,0.31488875746438577,0.31488875746438577,0.2952082101228617,-0.2952082101228617
ALCAM,0.2952082101228617,0.31488875746438577,0.2952082101228617,0.2952082101228617,0.3591667202828096,0.2952082101228617,0.31488875746438577
LSAMP,0.2952082101228617,0.31488875746438577,0.2952082101228617,0.2952082101228617,0.3591667202828096,0.31488875746438577,0.31488875746438577
EPHB1,0.2952082101228617,0.31488875746438577,0.2952082101228617,0.31488875746438577,0.31488875746438577,0.2952082101228617,0.2952082101228617
PPP2R3A,0.2952082101228617,0.31488875746438577,0.2952082101228617,0.31488875746438577,0.3591667202828096,0.31488875746438577,0.2952082101228617
MED12L,0.2952082101228617,0.3591667202828096,0.2952082101228617,0.31488875746438577,0.2952082101228617,0.31488875746438577,0.31488875746438577
MECOM,-0.31488875746438577,0.2952082101228617,-0.31488875746438577,-0.2952082101228617,-0.2952082101228617,0.2952082101228617,-0.31488875746438577
NAALADL2,0.2952082101228617,0.2952082101228617,0.2952082101228617,0.3591667202828096,0.31488875746438577,0.31488875746438577,0.31488875746438577
LINC02015,-0.31488875746438577,-0.2952082101228617,-0.31488875746438577,-0.2952082101228617,-0.31488875746438577,-0.34601613717088764,-0.31488875746438577
ZDHHC19,0.2952082101228617,0.2952082101228617,0.31488875746438577,0.31488875746438577,0.2952082101228617,-0.2952082101228617,0.31488875746438577
STK32B,0.2952082101228617,0.2952082101228617,0.31488875746438577,0.3591667202828096,0.2952082101228617,0.2952082101228617,0.31488875746438577
RHOH,0.2952082101228617,0.31488875746438577,0.2952082101228617,0.2952082101228617,0.2952082101228617,0.2952082101228617,0.2952082101228617
DCAF4L1,-0.2952082101228617,-0.31488875746438577,-0.31488875746438577,-0.2952082101228617,-0.2952082101228617,-0.2952082101228617,-0.2952082101228617
SCFD2,0.2952082101228617,0.31488875746438577,0.2952082101228617,0.2952082101228617,0.33671880026513396,0.2952082101228617,0.2952082101228617
EPHA5,0.2952082101228617,0.3591667202828096,0.2952082101228617,0.31488875746438577,0.31488875746438577,0.31488875746438577,0.34601613717088764
FRAS1,0.2952082101228617,0.31488875746438577,0.31488875746438577,0.31488875746438577,0.31488875746438577,0.31488875746438577,0.2952082101228617
BANK1,0.2952082101228617,0.31488875746438577,0.31488875746438577,-0.31488875746438577,0.2952082101228617,0.31488875746438577,0.2952082101228617
CENPE,0.2952082101228617,-0.31488875746438577,0.31488875746438577,0.31488875746438577,0.31488875746438577,-0.31488875746438577,0.2952082101228617
COL25A1,0.2952082101228617,0.31488875746438577,0.2952082101228617,0.2952082101228617,0.3591667202828096,0.31488875746438577,0.31488875746438577
SEC24B-AS1,0.2952082101228617,0.31488875746438577,0.2952082101228617,0.31488875746438577,0.2952082101228617,0.3347096559518362,0.2952082101228617
NDST3,0.2952082101228617,0.31488875746438577,0.2952082101228617,0.2952082101228617,0.31488875746438577,0.31488875746438577,0.31488875746438577
PCDH10,0.2952082101228617,0.31488875746438577,0.2952082101228617,0.2952082101228617,0.31488875746438577,0.2952082101228617,0.2952082101228617
NDUFC1,0.2952082101228617,0.31488875746438577,0.2952082101228617,0.31488875746438577,0.2952082101228617,0.31488875746438577,0.31488875746438577
NR3C2,0.2952082101228617,0.31488875746438577,0.2952082101228617,0.31488875746438577,0.2952082101228617,0.31488875746438577,0.31488875746438577
FNIP2,0.31488875746438577,0.31488875746438577,0.2952082101228617,0.3591667202828096,0.2952082101228617,0.2952082101228617,0.31488875746438577
C4orf45,-0.2952082101228617,-0.31488875746438577,-0.31488875746438577,0.31488875746438577,-0.2952082101228617,0.31488875746438577,0.31488875746438577
FSTL5,0.2952082101228617,0.3591667202828096,0.31488875746438577,0.31488875746438577,0.31488875746438577,0.31488875746438577,0.36908387964894684
SH3RF1,0.2952082101228617,0.3591667202828096,0.2952082101228617,0.31488875746438577,0.2952082101228617,0.2952082101228617,0.31488875746438577
LINC01098,-0.31488875746438577,-0.2952082101228617,-0.31488875746438577,-0.31488875746438577,-0.2952082101228617,-0.2952082101228617,-0.2952082101228617
FAT1,0.31488875746438577,-0.31488875746438577,0.31488875746438577,-0.2952082101228617,-0.2952082101228617,-0.2952082101228617,-0.2952082101228617
ADAMTS16,-0.31488875746438577,-0.2952082101228617,0.31488875746438577,-0.2952082101228617,-0.2952082101228617,-0.3347096559518362,-0.31488875746438577
CTNND2,0.2952082101228617,0.31488875746438577,0.31488875746438577,0.2952082101228617,0.31488875746438577,0.2952082101228617,0.31488875746438577
ANKH,0.2952082101228617,0.31488875746438577,0.2952082101228617,0.31488875746438577,0.3137903024548465,0.2952082101228617,0.2952082101228617
FBXL7,0.31488875746438577,0.31488875746438577,0.2952082101228617,0.31488875746438577,0.31488875746438577,-0.31488875746438577,-0.31488875746438577
CDH18,0.2952082101228617,0.31488875746438577,0.2952082101228617,0.2952082101228617,0.31488875746438577,0.2952082101228617,0.31488875746438577
CDH10,0.2952082101228617,0.3347096559518362,0.2952082101228617,0.34601613717088764,0.31488875746438577,0.2952082101228617,0.31488875746438577
LINC02211,0.31488875746438577,-0.31488875746438577,0.31488875746438577,0.31488875746438577,-0.2952082101228617,0.31488875746438577,-0.31488875746438577
LINC02109,-0.31488875746438577,-0.2952082101228617,-0.2952082101228617,-0.31488875746438577,-0.3137903024548465,-0.31488875746438577,-0.31488875746438577
PLCXD3,0.2952082101228617,0.33671880026513396,0.31488875746438577,0.31488875746438577,0.2952082101228617,0.31488875746438577,0.2952082101228617
GHR,0.2952082101228617,0.31488875746438577,0.31488875746438577,0.31488875746438577,0.31488875746438577,0.31488875746438577,0.31488875746438577
MRPS30-DT,0.2952082101228617,0.31488875746438577,0.2952082101228617,0.31488875746438577,0.33671880026513396,0.31488875746438577,0.31488875746438577
ANKRD55,-0.31488875746438577,-0.2952082101228617,-0.31488875746438577,0.31488875746438577,0.31488875746438577,0.31488875746438577,0.2952082101228617
PLK2,0.31488875746438577,0.2952082101228617,0.31488875746438577,0.31488875746438577,-0.31488875746438577,0.31488875746438577,0.2952082101228617
ELOVL7,-0.2952082101228617,-0.2952082101228617,-0.2952082101228617,-0.31488875746438577,-0.2952082101228617,-0.31488875746438577,-0.31488875746438577
NDUFAF2,0.2952082101228617,0.31488875746438577,0.2952082101228617,0.2952082101228617,0.2952082101228617,0.2952082101228617,0.31488875746438577
LINC02057,0.2952082101228617,0.2952082101228617,0.3347096559518362,0.31488875746438577,0.2952082101228617,0.31488875746438577,0.2952082101228617
C5orf64,-0.2952082101228617,0.31488875746438577,-0.31488875746438577,0.31488875746438577,0.3591667202828096,0.31488875746438577,0.31488875746438577
ZNF366,-0.31488875746438577,-0.2952082101228617,-0.31488875746438577,-0.2952082101228617,-0.2952082101228617,-0.3591667202828096,-0.31488875746438577
ANKRD31,-0.31488875746438577,-0.2952082101228617,-0.31488875746438577,-0.2952082101228617,-0.31488875746438577,-0.31488875746438577,-0.31488875746438577
IQGAP2,0.31488875746438577,0.2952082101228617,0.31488875746438577,0.31488875746438577,0.2952082101228617,0.2952082101228617,0.31488875746438577
SERINC5,0.2952082101228617,0.31488875746438577,0.2952082101228617,0.31488875746438577,0.2952082101228617,0.2952082101228617,0.31488875746438577
MEF2C-AS2,0.31488875746438577,0.3591667202828096,0.2952082101228617,0.31488875746438577,-0.31488875746438577,0.31488875746438577,0.31488875746438577
MEF2C-AS1,0.2952082101228617,0.31488875746438577,0.2952082101228617,0.31488875746438577,0.31488875746438577,0.2952082101228617,0.31488875746438577
ADGRV1,0.2952082101228617,0.31488875746438577,0.2952082101228617,0.31488875746438577,0.31488875746438577,0.2952082101228617,0.31488875746438577
ELL2,0.2952082101228617,0.3591667202828096,0.2952082101228617,0.31488875746438577,0.31488875746438577,0.2952082101228617,0.36908387964894684
LINC02240,0.31488875746438577,0.2952082101228617,0.31488875746438577,-0.3347096559518362,0.31488875746438577,-0.31488875746438577,0.2952082101228617
LINC01184,0.2952082101228617,0.31488875746438577,0.2952082101228617,0.31488875746438577,0.2952082101228617,0.2952082101228617,0.31488875746438577
ADAMTS19,-0.31488875746438577,0.3591667202828096,0.2952082101228617,0.31488875746438577,0.31488875746438577,0.31488875746438577,0.31488875746438577
CHSY3,0.31488875746438577,0.31488875746438577,0.2952082101228617,0.31488875746438577,0.33671880026513396,0.31488875746438577,0.31488875746438577
MEIKIN,0.2952082101228617,-0.31488875746438577,0.31488875746438577,0.31488875746438577,0.31488875746438577,0.2952082101228617,-0.31488875746438577
PRELID2,0.2952082101228617,0.31488875746438577,0.2952082101228617,0.31488875746438577,0.31488875746438577,0.2952082101228617,0.2952082101228617
STK32A,-0.2952082101228617,-0.31488875746438577,-0.2952082101228617,-0.33671880026513396,-0.2952082101228617,0.31488875746438577,-0.2952082101228617
SQSTM1,0.31488875746438577,0.31488875746438577,0.2952082101228617,0.31488875746438577,0.33671880026513396,0.2952082101228617,0.31488875746438577
RASGEF1C,0.2952082101228617,0.2952082101228617,0.31488875746438577,0.31488875746438577,0.2952082101228617,0.36908387964894684,0.2952082101228617
F13A1,0.2952082101228617,0.2952082101228617,0.31488875746438577,0.31488875746438577,0.2952082101228617,0.2952082101228617,0.31488875746438577
PGBD1,0.2952082101228617,0.31488875746438577,0.2952082101228617,0.31488875746438577,0.2952082101228617,0.31488875746438577,0.34601613717088764
TSBP1-AS1,-0.2952082101228617,0.31488875746438577,0.2952082101228617,0.31488875746438577,0.2952082101228617,0.31488875746438577,0.31488875746438577
HLA-DRA,0.2952082101228617,0.31488875746438577,0.2952082101228617,0.31488875746438577,0.2952082101228617,0.31488875746438577,0.31488875746438577
HLA-DRB5,0.31488875746438577,0.31488875746438577,0.2952082101228617,0.31488875746438577,0.2952082101228617,0.31488875746438577,0.31488875746438577
HLA-DRB1,0.2952082101228617,0.31488875746438577,0.2952082101228617,0.31488875746438577,0.2952082101228617,0.31488875746438577,0.31488875746438577
OARD1,0.2952082101228617,0.31488875746438577,0.2952082101228617,0.31488875746438577,0.2952082101228617,0.31488875746438577,0.2952082101228617
APOBEC2,-0.2952082101228617,0.2952082101228617,-0.31488875746438577,-0.2952082101228617,-0.31488875746438577,0.36908387964894684,0.2952082101228617
PTCHD4,0.2952082101228617,0.33671880026513396,0.31488875746438577,0.31488875746438577,0.31488875746438577,0.3591667202828096,0.2952082101228617
ZNF451-AS1,-0.2952082101228617,-0.31488875746438577,-0.31488875746438577,0.31488875746438577,-0.31488875746438577,0.31488875746438577,0.31488875746438577
KHDRBS2,0.2952082101228617,0.31488875746438577,0.2952082101228617,0.2952082101228617,0.3347096559518362,0.2952082101228617,0.31488875746438577
ADGRB3,0.2952082101228617,0.31488875746438577,0.2952082101228617,0.2952082101228617,0.31488875746438577,0.2952082101228617,0.31488875746438577
COL12A1,0.2952082101228617,0.2952082101228617,0.3347096559518362,-0.31488875746438577,-0.31488875746438577,-0.31488875746438577,-0.2952082101228617
MEI4,0.2952082101228617,0.31488875746438577,0.2952082101228617,0.2952082101228617,0.2952082101228617,0.31488875746438577,0.2952082101228617
IRAK1BP1,0.2952082101228617,0.31488875746438577,0.2952082101228617,0.31488875746438577,0.3591667202828096,0.31488875746438577,0.2952082101228617
TENT5A,-0.31488875746438577,0.31488875746438577,0.31488875746438577,0.31488875746438577,0.33671880026513396,0.31488875746438577,0.2952082101228617
MMS22L,0.2952082101228617,0.3591667202828096,0.2952082101228617,0.31488875746438577,0.2952082101228617,0.2952082101228617,0.34601613717088764
POU3F2,-0.31488875746438577,-0.2952082101228617,-0.2952082101228617,-0.2952082101228617,-0.33671880026513396,-0.2952082101228617,-0.2952082101228617
SOBP,0.2952082101228617,0.31488875746438577,0.2952082101228617,0.31488875746438577,0.31488875746438577,0.31488875746438577,0.31488875746438577
SCML4,-0.31488875746438577,-0.31488875746438577,-0.2952082101228617,-0.31488875746438577,-0.31488875746438577,-0.31488875746438577,-0.31488875746438577
CEP57L1,0.2952082101228617,0.31488875746438577,0.2952082101228617,0.31488875746438577,0.2952082101228617,0.31488875746438577,0.2952082101228617
PPIL6,-0.31488875746438577,0.31488875746438577,-0.31488875746438577,0.31488875746438577,0.31488875746438577,-0.3591667202828096,-0.31488875746438577
HDAC2-AS2,0.2952082101228617,0.31488875746438577,0.2952082101228617,0.31488875746438577,0.2952082101228617,0.31488875746438577,0.31488875746438577
HS3ST5,-0.31488875746438577,0.31488875746438577,0.31488875746438577,0.31488875746438577,0.3591667202828096,0.31488875746438577,-0.2952082101228617
L3MBTL3,0.2952082101228617,0.31488875746438577,0.2952082101228617,0.2952082101228617,0.33671880026513396,0.2952082101228617,0.2952082101228617
EYA4,-0.31488875746438577,-0.2952082101228617,-0.31488875746438577,-0.33671880026513396,-0.2952082101228617,-0.2952082101228617,-0.31488875746438577
SGK1,0.2952082101228617,0.2952082101228617,0.2952082101228617,0.31488875746438577,0.3591667202828096,0.2952082101228617,0.31488875746438577
PDE7B,0.2952082101228617,0.3591667202828096,0.2952082101228617,0.31488875746438577,0.31488875746438577,0.2952082101228617,0.31488875746438577
PLEKHG1,0.31488875746438577,0.33671880026513396,0.31488875746438577,0.31488875746438577,0.2952082101228617,0.2952082101228617,0.34601613717088764
SNX9,0.2952082101228617,0.31488875746438577,0.2952082101228617,0.31488875746438577,0.2952082101228617,0.2952082101228617,0.2952082101228617
SDK1,0.2952082101228617,0.3137903024548465,0.2952082101228617,0.2952082101228617,0.2952082101228617,0.31488875746438577,0.2952082101228617
GLCCI1,0.2952082101228617,0.2952082101228617,0.31488875746438577,0.31488875746438577,0.31488875746438577,0.2952082101228617,0.31488875746438577
ICA1,0.2952082101228617,0.31488875746438577,0.31488875746438577,0.31488875746438577,0.31488875746438577,0.31488875746438577,0.2952082101228617
THSD7A,0.2952082101228617,0.31488875746438577,0.2952082101228617,0.2952082101228617,0.31488875746438577,0.2952082101228617,0.2952082101228617
SCIN,0.31488875746438577,0.31488875746438577,0.2952082101228617,0.2952082101228617,0.2952082101228617,0.2952082101228617,0.31488875746438577
BZW2,0.2952082101228617,0.31488875746438577,0.2952082101228617,0.2952082101228617,0.2952082101228617,0.2952082101228617,0.31488875746438577
HDAC9,0.2952082101228617,0.31488875746438577,0.2952082101228617,0.31488875746438577,0.3591667202828096,0.2952082101228617,0.31488875746438577
STK31,-0.31488875746438577,-0.2952082101228617,-0.31488875746438577,-0.3137903024548465,-0.31488875746438577,-0.31488875746438577,-0.31488875746438577
CYCS,0.2952082101228617,0.31488875746438577,0.2952082101228617,0.31488875746438577,-0.31488875746438577,0.31488875746438577,0.2952082101228617
SNX10,0.2952082101228617,0.3591667202828096,0.2952082101228617,0.31488875746438577,0.31488875746438577,0.2952082101228617,0.34601613717088764
ADCYAP1R1,0.2952082101228617,0.31488875746438577,0.2952082101228617,0.2952082101228617,-0.2952082101228617,-0.2952082101228617,-0.31488875746438577
BMPER,-0.31488875746438577,0.3591667202828096,0.2952082101228617,0.31488875746438577,0.31488875746438577,0.2952082101228617,0.36908387964894684
ELMO1-AS1,0.31488875746438577,-0.31488875746438577,-0.31488875746438577,0.31488875746438577,0.2952082101228617,0.36908387964894684,0.31488875746438577
EPDR1,0.31488875746438577,-0.2952082101228617,0.31488875746438577,0.2952082101228617,0.3591667202828096,0.2952082101228617,0.31488875746438577
POU6F2,0.2952082101228617,0.31488875746438577,0.2952082101228617,0.2952082101228617,0.31488875746438577,0.2952082101228617,0.31488875746438577
VWC2,0.2952082101228617,0.31488875746438577,-0.31488875746438577,0.2952082101228617,0.2952082101228617,0.2952082101228617,0.2952082101228617
EGFR,0.2952082101228617,0.31488875746438577,0.2952082101228617,0.31488875746438577,-0.31488875746438577,-0.31488875746438577,-0.31488875746438577
ZNF117,0.2952082101228617,0.2952082101228617,0.31488875746438577,0.2952082101228617,0.2952082101228617,0.2952082101228617,0.31488875746438577
AUTS2,0.2952082101228617,0.2952082101228617,0.2952082101228617,0.2952082101228617,0.2952082101228617,0.2952082101228617,0.31488875746438577
PDK4,0.31488875746438577,0.3591667202828096,0.2952082101228617,0.31488875746438577,0.2952082101228617,0.31488875746438577,0.31488875746438577
SERPINE1,0.2952082101228617,0.31488875746438577,-0.31488875746438577,0.31488875746438577,0.2952082101228617,-0.2952082101228617,-0.31488875746438577
FBXL13,0.2952082101228617,0.31488875746438577,0.2952082101228617,0.31488875746438577,0.2952082101228617,0.31488875746438577,0.31488875746438577
RELN,0.2952082101228617,0.3591667202828096,0.2952082101228617,0.2952082101228617,0.31488875746438577,0.31488875746438577,0.2952082101228617
EFCAB10,-0.31488875746438577,-0.2952082101228617,-0.31488875746438577,-0.2952082101228617,-0.2952082101228617,-0.2952082101228617,-0.2952082101228617
CDHR3,0.2952082101228617,0.31488875746438577,0.2952082101228617,0.31488875746438577,0.2952082101228617,0.31488875746438577,0.31488875746438577
DOCK4-AS1,0.2952082101228617,0.31488875746438577,-0.31488875746438577,0.31488875746438577,-0.31488875746438577,0.31488875746438577,0.31488875746438577
FOXP2,0.31488875746438577,0.2952082101228617,0.2952082101228617,0.31488875746438577,0.33671880026513396,0.31488875746438577,0.31488875746438577
MDFIC,-0.31488875746438577,-0.2952082101228617,0.31488875746438577,-0.2952082101228617,-0.31488875746438577,-0.31488875746438577,-0.31488875746438577
CADPS2,0.2952082101228617,0.31488875746438577,0.2952082101228617,0.2952082101228617,0.3591667202828096,0.2952082101228617,0.2952082101228617
POT1-AS1,-0.31488875746438577,0.31488875746438577,0.2952082101228617,0.31488875746438577,0.31488875746438577,0.2952082101228617,0.31488875746438577
GRM8,0.2952082101228617,0.3347096559518362,0.31488875746438577,0.2952082101228617,0.31488875746438577,0.2952082101228617,0.31488875746438577
PLXNA4,0.2952082101228617,0.31488875746438577,0.2952082101228617,0.31488875746438577,0.31488875746438577,0.2952082101228617,0.31488875746438577
EPHA1-AS1,0.2952082101228617,0.31488875746438577,0.2952082101228617,0.2952082101228617,0.2952082101228617,0.31488875746438577,0.2952082101228617
CNTNAP2,0.2952082101228617,0.3347096559518362,0.2952082101228617,0.2952082101228617,0.31488875746438577,0.2952082101228617,0.31488875746438577
INSIG1,0.2952082101228617,-0.31488875746438577,0.31488875746438577,0.3591667202828096,0.2952082101228617,0.2952082101228617,-0.31488875746438577
PTPRN2,0.2952082101228617,0.3347096559518362,0.31488875746438577,0.36908387964894684,0.31488875746438577,0.31488875746438577,0.31488875746438577
CSMD1,0.2952082101228617,0.3591667202828096,0.2952082101228617,0.2952082101228617,0.31488875746438577,0.2952082101228617,0.31488875746438577
ANGPT2,0.31488875746438577,0.3591667202828096,-0.31488875746438577,0.31488875746438577,-0.31488875746438577,0.31488875746438577,0.31488875746438577
DLC1,0.31488875746438577,0.31488875746438577,0.2952082101228617,0.31488875746438577,0.2952082101228617,0.36908387964894684,0.2952082101228617
PSD3,0.2952082101228617,0.2952082101228617,0.31488875746438577,0.31488875746438577,0.2952082101228617,0.2952082101228617,0.31488875746438577
BNIP3L,0.2952082101228617,0.31488875746438577,0.2952082101228617,0.31488875746438577,0.2952082101228617,0.2952082101228617,0.31488875746438577
CLU,0.2952082101228617,0.31488875746438577,0.2952082101228617,0.2952082101228617,0.31488875746438577,0.31488875746438577,0.31488875746438577
ST18,0.31488875746438577,0.31488875746438577,0.3347096559518362,0.31488875746438577,0.31488875746438577,0.2952082101228617,0.31488875746438577
NKAIN3,0.2952082101228617,0.31488875746438577,0.31488875746438577,0.31488875746438577,0.31488875746438577,0.2952082101228617,0.31488875746438577
CPA6,0.2952082101228617,0.31488875746438577,0.2952082101228617,0.31488875746438577,0.31488875746438577,0.31488875746438577,0.2952082101228617
PKIA-AS1,-0.2952082101228617,0.2952082101228617,-0.31488875746438577,-0.2952082101228617,-0.31488875746438577,-0.31488875746438577,-0.31488875746438577
BAALC-AS1,0.2952082101228617,0.2952082101228617,0.31488875746438577,0.31488875746438577,0.31488875746438577,0.2952082101228617,0.31488875746438577
ZFPM2-AS1,0.2952082101228617,0.2952082101228617,0.31488875746438577,0.2952082101228617,0.2952082101228617,0.31488875746438577,0.3137903024548465
TRPS1,0.2952082101228617,0.31488875746438577,0.31488875746438577,0.31488875746438577,0.3591667202828096,0.2952082101228617,0.31488875746438577
SAMD12-AS1,-0.31488875746438577,-0.2952082101228617,-0.31488875746438577,-0.2952082101228617,-0.2952082101228617,-0.31488875746438577,-0.31488875746438577
LINC00861,-0.2952082101228617,-0.31488875746438577,-0.31488875746438577,0.3591667202828096,-0.31488875746438577,0.31488875746438577,0.2952082101228617
FAM135B,-0.31488875746438577,0.31488875746438577,0.2952082101228617,0.31488875746438577,0.31488875746438577,0.2952082101228617,0.31488875746438577
SPATC1,-0.31488875746438577,0.2952082101228617,-0.31488875746438577,-0.2952082101228617,0.31488875746438577,-0.31488875746438577,0.2952082101228617
CYHR1,0.2952082101228617,0.31488875746438577,0.2952082101228617,0.31488875746438577,0.2952082101228617,0.31488875746438577,0.31488875746438577
VLDLR-AS1,-0.31488875746438577,0.31488875746438577,-0.31488875746438577,0.31488875746438577,0.2952082101228617,0.3591667202828096,0.31488875746438577
GLIS3,0.2952082101228617,0.31488875746438577,0.2952082101228617,0.31488875746438577,0.2952082101228617,0.2952082101228617,0.2952082101228617
PDCD1LG2,0.2952082101228617,0.31488875746438577,0.2952082101228617,0.31488875746438577,0.33671880026513396,0.2952082101228617,0.2952082101228617
MPDZ,0.2952082101228617,0.31488875746438577,0.2952082101228617,0.2952082101228617,0.31488875746438577,0.36908387964894684,0.2952082101228617
NFIB,0.2952082101228617,0.31488875746438577,0.2952082101228617,0.31488875746438577,0.31488875746438577,0.2952082101228617,0.2952082101228617
CCDC171,0.2952082101228617,0.31488875746438577,0.31488875746438577,0.31488875746438577,0.31488875746438577,0.2952082101228617,0.2952082101228617
C9orf92,-0.31488875746438577,-0.31488875746438577,-0.2952082101228617,-0.2952082101228617,-0.2952082101228617,-0.31488875746438577,-0.2952082101228617
ACER2,-0.31488875746438577,-0.31488875746438577,-0.31488875746438577,0.31488875746438577,0.31488875746438577,0.2952082101228617,0.31488875746438577
TUSC1,-0.2952082101228617,0.2952082101228617,-0.31488875746438577,0.31488875746438577,-0.31488875746438577,-0.2952082101228617,-0.2952082101228617
MOB3B,0.31488875746438577,0.33671880026513396,0.31488875746438577,0.31488875746438577,0.2952082101228617,0.2952082101228617,0.2952082101228617
LINGO2,0.2952082101228617,0.31488875746438577,0.31488875746438577,0.2952082101228617,0.3591667202828096,0.31488875746438577,0.31488875746438577
MELK,-0.31488875746438577,-0.2952082101228617,-0.2952082101228617,0.31488875746438577,-0.3347096559518362,0.31488875746438577,-0.31488875746438577
ROR2,0.2952082101228617,0.2952082101228617,0.2952082101228617,-0.31488875746438577,0.2952082101228617,-0.31488875746438577,0.2952082101228617
LINC00476,0.2952082101228617,0.2952082101228617,0.2952082101228617,0.31488875746438577,0.31488875746438577,0.31488875746438577,0.31488875746438577
ABCA1,-0.2952082101228617,0.31488875746438577,-0.31488875746438577,0.31488875746438577,0.3137903024548465,0.31488875746438577,0.31488875746438577
ZNF462,-0.2952082101228617,-0.33671880026513396,-0.31488875746438577,0.31488875746438577,-0.2952082101228617,-0.31488875746438577,-0.31488875746438577
LHX6,-0.31488875746438577,-0.2952082101228617,-0.31488875746438577,-0.31488875746438577,-0.31488875746438577,-0.31488875746438577,-0.31488875746438577
PNPLA7,0.2952082101228617,0.2952082101228617,0.31488875746438577,0.31488875746438577,0.3591667202828096,0.2952082101228617,0.2952082101228617
ADARB2,0.2952082101228617,0.31488875746438577,0.2952082101228617,0.2952082101228617,0.31488875746438577,0.2952082101228617,0.31488875746438577
OPTN,0.31488875746438577,0.31488875746438577,0.31488875746438577,0.31488875746438577,0.3591667202828096,0.2952082101228617,0.31488875746438577
MRC1,-0.2952082101228617,0.3591667202828096,0.2952082101228617,0.31488875746438577,0.2952082101228617,0.3591667202828096,0.2952082101228617
LINC02664,-0.31488875746438577,0.2952082101228617,-0.31488875746438577,-0.2952082101228617,-0.3591667202828096,-0.2952082101228617,-0.2952082101228617
NRP1,0.2952082101228617,0.31488875746438577,0.2952082101228617,0.31488875746438577,0.3137903024548465,0.2952082101228617,0.31488875746438577
PRKG1,0.31488875746438577,0.31488875746438577,0.3137903024548465,0.2952082101228617,0.31488875746438577,0.2952082101228617,0.2952082101228617
PCDH15,0.2952082101228617,0.31488875746438577,0.31488875746438577,0.2952082101228617,0.31488875746438577,0.2952082101228617,0.2952082101228617
ANK3,0.2952082101228617,0.31488875746438577,0.31488875746438577,0.2952082101228617,0.31488875746438577,0.2952082101228617,0.31488875746438577
CTNNA3,0.31488875746438577,0.31488875746438577,0.2952082101228617,0.2952082101228617,0.31488875746438577,0.31488875746438577,0.2952082101228617
SH2D4B,-0.31488875746438577,-0.33671880026513396,-0.31488875746438577,-0.31488875746438577,-0.31488875746438577,-0.2952082101228617,-0.2952082101228617
ANKRD22,0.2952082101228617,0.3591667202828096,0.2952082101228617,0.2952082101228617,0.2952082101228617,0.2952082101228617,0.36908387964894684
LINC02653,-0.31488875746438577,-0.2952082101228617,-0.31488875746438577,-0.2952082101228617,-0.2952082101228617,-0.2952082101228617,-0.2952082101228617
HTR7,0.2952082101228617,0.31488875746438577,0.2952082101228617,0.2952082101228617,0.33671880026513396,0.2952082101228617,0.31488875746438577
HELLS,-0.31488875746438577,0.31488875746438577,0.2952082101228617,0.31488875746438577,0.33671880026513396,0.2952082101228617,0.2952082101228617
PSD,0.2952082101228617,0.31488875746438577,0.2952082101228617,0.2952082101228617,0.31488875746438577,0.2952082101228617,0.2952082101228617
SORCS3,0.2952082101228617,0.31488875746438577,0.2952082101228617,0.2952082101228617,0.31488875746438577,0.2952082101228617,0.31488875746438577
TCF7L2,0.31488875746438577,0.31488875746438577,0.2952082101228617,0.31488875746438577,0.2952082101228617,0.31488875746438577,0.31488875746438577
TACC2,0.2952082101228617,0.31488875746438577,0.31488875746438577,0.2952082101228617,0.31488875746438577,0.2952082101228617,0.2952082101228617
CHST15,0.2952082101228617,0.31488875746438577,0.2952082101228617,0.31488875746438577,0.2952082101228617,0.2952082101228617,0.31488875746438577
MGMT,0.2952082101228617,0.2952082101228617,0.2952082101228617,0.31488875746438577,0.2952082101228617,0.2952082101228617,0.31488875746438577
TCERG1L,0.31488875746438577,0.2952082101228617,0.31488875746438577,0.31488875746438577,0.2952082101228617,0.31488875746438577,0.31488875746438577
BNIP3,-0.31488875746438577,0.31488875746438577,-0.31488875746438577,0.3591667202828096,0.31488875746438577,0.31488875746438577,-0.2952082101228617
CCKBR,-0.2952082101228617,-0.31488875746438577,-0.2952082101228617,-0.31488875746438577,-0.2952082101228617,-0.31488875746438577,-0.31488875746438577
STK33,-0.31488875746438577,-0.2952082101228617,-0.2952082101228617,-0.2952082101228617,-0.2952082101228617,-0.2952082101228617,-0.2952082101228617
TEAD1,0.2952082101228617,0.31488875746438577,0.2952082101228617,0.31488875746438577,0.3591667202828096,0.2952082101228617,0.31488875746438577
SPON1,-0.2952082101228617,0.2952082101228617,-0.2952082101228617,0.31488875746438577,-0.31488875746438577,0.2952082101228617,0.31488875746438577
NELL1,0.2952082101228617,0.31488875746438577,0.2952082101228617,0.31488875746438577,0.31488875746438577,0.31488875746438577,0.31488875746438577
LDLRAD3,0.2952082101228617,0.31488875746438577,0.31488875746438577,0.31488875746438577,0.3347096559518362,-0.31488875746438577,0.31488875746438577
LRRC4C,0.2952082101228617,0.31488875746438577,0.31488875746438577,0.2952082101228617,0.31488875746438577,0.34601613717088764,0.31488875746438577
CHST1,0.2952082101228617,0.31488875746438577,0.2952082101228617,0.2952082101228617,-0.2952082101228617,-0.2952082101228617,-0.31488875746438577
C11orf49,0.2952082101228617,0.31488875746438577,0.2952082101228617,0.31488875746438577,0.31488875746438577,0.2952082101228617,0.2952082101228617
MS4A4A,0.31488875746438577,0.31488875746438577,0.2952082101228617,0.31488875746438577,0.33671880026513396,0.2952082101228617,0.31488875746438577
MS4A4E,0.2952082101228617,0.2952082101228617,0.31488875746438577,0.31488875746438577,0.31488875746438577,0.2952082101228617,0.36908387964894684
AHNAK,-0.31488875746438577,-0.31488875746438577,0.31488875746438577,0.31488875746438577,0.3137903024548465,-0.31488875746438577,0.31488875746438577
PRDX5,0.31488875746438577,0.31488875746438577,0.2952082101228617,0.31488875746438577,-0.31488875746438577,0.31488875746438577,-0.31488875746438577
P4HA3,-0.31488875746438577,-0.31488875746438577,-0.31488875746438577,0.31488875746438577,-0.31488875746438577,0.31488875746438577,0.2952082101228617
TENM4,0.2952082101228617,0.2952082101228617,0.31488875746438577,0.31488875746438577,0.33671880026513396,0.2952082101228617,0.31488875746438577
DLG2,0.2952082101228617,0.31488875746438577,0.2952082101228617,0.2952082101228617,0.31488875746438577,0.36908387964894684,0.2952082101228617
ME3,0.2952082101228617,0.31488875746438577,0.2952082101228617,0.2952082101228617,0.31488875746438577,0.2952082101228617,0.36908387964894684
PRSS23,-0.31488875746438577,-0.2952082101228617,-0.31488875746438577,-0.31488875746438577,-0.33671880026513396,-0.31488875746438577,-0.31488875746438577
DISC1FP1,-0.31488875746438577,-0.31488875746438577,-0.31488875746438577,0.31488875746438577,0.31488875746438577,0.2952082101228617,0.31488875746438577
FAT3,0.2952082101228617,0.31488875746438577,0.31488875746438577,0.2952082101228617,0.3347096559518362,0.31488875746438577,0.2952082101228617
C11orf65,0.31488875746438577,0.31488875746438577,0.2952082101228617,0.31488875746438577,-0.31488875746438577,0.31488875746438577,0.31488875746438577
ARHGAP20,0.2952082101228617,0.31488875746438577,0.2952082101228617,0.2952082101228617,0.3591667202828096,0.2952082101228617,0.31488875746438577
LINC02762,0.2952082101228617,0.31488875746438577,0.2952082101228617,0.2952082101228617,0.3137903024548465,0.2952082101228617,0.31488875746438577
LINC02763,0.2952082101228617,-0.31488875746438577,-0.2952082101228617,-0.31488875746438577,-0.31488875746438577,-0.2952082101228617,-0.31488875746438577
DSCAML1,0.2952082101228617,0.31488875746438577,0.2952082101228617,0.31488875746438577,0.31488875746438577,0.3347096559518362,0.31488875746438577
PKNOX2,0.2952082101228617,0.31488875746438577,0.2952082101228617,0.31488875746438577,0.31488875746438577,0.36908387964894684,0.31488875746438577
FEZ1,0.2952082101228617,0.31488875746438577,0.2952082101228617,0.31488875746438577,0.31488875746438577,0.31488875746438577,0.31488875746438577
CDON,0.31488875746438577,0.31488875746438577,0.31488875746438577,0.31488875746438577,0.31488875746438577,0.31488875746438577,0.31488875746438577
NTM,0.2952082101228617,0.31488875746438577,0.2952082101228617,0.31488875746438577,0.3591667202828096,0.31488875746438577,0.31488875746438577
RASSF8,0.2952082101228617,0.31488875746438577,0.2952082101228617,0.2952082101228617,0.2952082101228617,0.2952082101228617,0.31488875746438577
PPFIBP1,0.2952082101228617,0.31488875746438577,0.2952082101228617,0.31488875746438577,0.31488875746438577,0.2952082101228617,0.31488875746438577
FAR2,0.31488875746438577,0.31488875746438577,0.2952082101228617,0.31488875746438577,0.31488875746438577,0.31488875746438577,0.31488875746438577
OVCH1-AS1,0.2952082101228617,0.2952082101228617,0.31488875746438577,0.31488875746438577,0.2952082101228617,0.2952082101228617,0.2952082101228617
KIF21A,0.2952082101228617,0.31488875746438577,0.31488875746438577,0.2952082101228617,0.31488875746438577,0.31488875746438577,0.31488875746438577
C12orf40,0.31488875746438577,0.31488875746438577,-0.31488875746438577,0.31488875746438577,0.2952082101228617,0.31488875746438577,0.31488875746438577
LRRK2,0.2952082101228617,0.2952082101228617,0.31488875746438577,0.31488875746438577,0.2952082101228617,0.2952082101228617,0.31488875746438577
PRICKLE1,-0.31488875746438577,-0.31488875746438577,0.2952082101228617,0.2952082101228617,0.31488875746438577,0.31488875746438577,0.2952082101228617
SLC4A8,0.2952082101228617,0.31488875746438577,0.2952082101228617,0.31488875746438577,0.2952082101228617,0.31488875746438577,0.31488875746438577
LRIG3,0.31488875746438577,-0.31488875746438577,0.31488875746438577,-0.2952082101228617,-0.31488875746438577,-0.31488875746438577,-0.36908387964894684
TRHDE,0.2952082101228617,-0.3591667202828096,-0.31488875746438577,0.31488875746438577,0.31488875746438577,0.2952082101228617,0.36908387964894684
TRHDE-AS1,0.31488875746438577,0.31488875746438577,0.31488875746438577,0.31488875746438577,-0.2952082101228617,-0.31488875746438577,-0.2952082101228617
CRADD,0.2952082101228617,0.31488875746438577,0.2952082101228617,0.31488875746438577,0.33671880026513396,0.2952082101228617,0.2952082101228617
NDUFA12,0.2952082101228617,0.3347096559518362,0.2952082101228617,0.31488875746438577,0.2952082101228617,0.31488875746438577,0.31488875746438577
POLR3B,0.2952082101228617,0.31488875746438577,0.2952082101228617,0.2952082101228617,0.2952082101228617,0.2952082101228617,0.2952082101228617
RFX4,0.31488875746438577,0.31488875746438577,0.31488875746438577,0.31488875746438577,-0.31488875746438577,-0.3591667202828096,-0.31488875746438577
CUX2,0.2952082101228617,0.31488875746438577,0.2952082101228617,0.31488875746438577,0.3591667202828096,0.31488875746438577,0.31488875746438577
PITPNM2,0.2952082101228617,0.31488875746438577,0.2952082101228617,0.31488875746438577,0.33671880026513396,0.31488875746438577,0.31488875746438577
ATP7B,0.2952082101228617,0.2952082101228617,0.31488875746438577,0.31488875746438577,0.2952082101228617,0.31488875746438577,0.31488875746438577
LINC00355,-0.31488875746438577,0.2952082101228617,0.31488875746438577,0.31488875746438577,-0.3591667202828096,0.31488875746438577,0.31488875746438577
OBI1-AS1,-0.31488875746438577,0.2952082101228617,-0.31488875746438577,0.31488875746438577,0.3591667202828096,-0.31488875746438577,-0.31488875746438577
LINC00377,-0.31488875746438577,-0.31488875746438577,-0.31488875746438577,-0.31488875746438577,-0.2952082101228617,-0.31488875746438577,-0.31488875746438577
GPC5,0.2952082101228617,0.31488875746438577,0.31488875746438577,0.2952082101228617,0.31488875746438577,0.2952082101228617,0.2952082101228617
GPC6,0.2952082101228617,0.31488875746438577,0.2952082101228617,0.2952082101228617,0.3347096559518362,0.2952082101228617,0.31488875746438577
FARP1,0.2952082101228617,0.3591667202828096,0.2952082101228617,0.31488875746438577,0.31488875746438577,0.2952082101228617,0.31488875746438577
CLYBL,0.2952082101228617,0.2952082101228617,0.31488875746438577,0.31488875746438577,0.2952082101228617,0.2952082101228617,0.31488875746438577
LINC00343,-0.2952082101228617,-0.31488875746438577,-0.2952082101228617,-0.2952082101228617,-0.2952082101228617,-0.2952082101228617,-0.2952082101228617
TNFSF13B,0.2952082101228617,0.33671880026513396,0.31488875746438577,0.31488875746438577,0.2952082101228617,0.33671880026513396,0.31488875746438577
MYO16,0.2952082101228617,0.31488875746438577,0.2952082101228617,0.31488875746438577,0.2952082101228617,0.31488875746438577,0.31488875746438577
MYO16-AS1,0.2952082101228617,0.2952082101228617,0.31488875746438577,0.31488875746438577,0.2952082101228617,0.31488875746438577,0.2952082101228617
RAB20,0.33671880026513396,0.31488875746438577,0.31488875746438577,0.31488875746438577,0.2952082101228617,0.2952082101228617,0.31488875746438577
AKAP6,0.2952082101228617,0.31488875746438577,0.31488875746438577,0.2952082101228617,0.31488875746438577,0.31488875746438577,0.2952082101228617
TOGARAM1,0.2952082101228617,0.31488875746438577,0.2952082101228617,0.31488875746438577,0.2952082101228617,0.2952082101228617,0.31488875746438577
TXNDC16,0.2952082101228617,0.31488875746438577,0.2952082101228617,0.31488875746438577,0.2952082101228617,0.31488875746438577,0.31488875746438577
ERO1A,0.2952082101228617,0.31488875746438577,0.2952082101228617,0.31488875746438577,0.2952082101228617,0.31488875746438577,0.31488875746438577
NRXN3,0.2952082101228617,0.31488875746438577,0.2952082101228617,0.2952082101228617,0.31488875746438577,0.2952082101228617,0.31488875746438577
DIO2,0.2952082101228617,-0.31488875746438577,0.31488875746438577,-0.2952082101228617,0.31488875746438577,-0.31488875746438577,-0.31488875746438577
DIO2-AS1,-0.31488875746438577,0.2952082101228617,-0.31488875746438577,-0.2952082101228617,-0.31488875746438577,0.31488875746438577,0.2952082101228617
LINC02328,0.31488875746438577,0.31488875746438577,0.2952082101228617,0.31488875746438577,0.2952082101228617,0.2952082101228617,0.2952082101228617
EFCAB11,0.2952082101228617,0.33671880026513396,0.31488875746438577,0.31488875746438577,0.31488875746438577,0.2952082101228617,0.2952082101228617
CLMN,0.31488875746438577,0.3591667202828096,0.31488875746438577,0.31488875746438577,0.31488875746438577,0.31488875746438577,-0.31488875746438577
GABRG3-AS1,-0.31488875746438577,-0.2952082101228617,-0.2952082101228617,-0.31488875746438577,-0.31488875746438577,-0.31488875746438577,-0.31488875746438577
CHST14,-0.2952082101228617,0.2952082101228617,-0.31488875746438577,0.31488875746438577,-0.3591667202828096,-0.2952082101228617,0.2952082101228617
FRMD5,0.2952082101228617,0.31488875746438577,0.3137903024548465,0.31488875746438577,0.31488875746438577,0.2952082101228617,0.31488875746438577
SEMA6D,0.31488875746438577,0.31488875746438577,0.2952082101228617,0.31488875746438577,0.2952082101228617,0.31488875746438577,0.31488875746438577
ALDH1A2,0.2952082101228617,0.3591667202828096,0.2952082101228617,0.31488875746438577,0.31488875746438577,0.33671880026513396,0.31488875746438577
LIPC,0.2952082101228617,0.2952082101228617,0.2952082101228617,0.2952082101228617,0.33671880026513396,0.31488875746438577,0.2952082101228617
RORA-AS1,-0.31488875746438577,-0.31488875746438577,-0.31488875746438577,0.31488875746438577,0.2952082101228617,0.31488875746438577,0.31488875746438577
RORA,0.2952082101228617,0.31488875746438577,0.2952082101228617,0.31488875746438577,0.31488875746438577,0.2952082101228617,0.31488875746438577
USP3-AS1,0.31488875746438577,-0.31488875746438577,-0.31488875746438577,0.31488875746438577,-0.31488875746438577,0.31488875746438577,0.31488875746438577
THAP10,-0.2952082101228617,-0.31488875746438577,-0.2952082101228617,-0.2952082101228617,-0.31488875746438577,-0.2952082101228617,-0.2952082101228617
THSD4,0.2952082101228617,0.3591667202828096,-0.31488875746438577,-0.31488875746438577,-0.31488875746438577,-0.31488875746438577,-0.2952082101228617
PDE8A,0.2952082101228617,0.31488875746438577,0.2952082101228617,0.31488875746438577,0.2952082101228617,0.2952082101228617,0.31488875746438577
AGBL1,0.2952082101228617,0.31488875746438577,0.2952082101228617,0.2952082101228617,0.31488875746438577,0.31488875746438577,0.31488875746438577
MCTP2,-0.31488875746438577,-0.2952082101228617,-0.31488875746438577,-0.31488875746438577,0.31488875746438577,-0.31488875746438577,-0.31488875746438577
LINC02254,-0.2952082101228617,-0.2952082101228617,-0.3347096559518362,-0.31488875746438577,-0.2952082101228617,-0.2952082101228617,-0.2952082101228617
ADAMTS17,0.2952082101228617,0.2952082101228617,0.31488875746438577,0.31488875746438577,0.2952082101228617,0.36908387964894684,0.2952082101228617
NME3,0.31488875746438577,0.31488875746438577,0.2952082101228617,0.31488875746438577,0.33671880026513396,0.31488875746438577,0.31488875746438577
RBFOX1,0.2952082101228617,0.31488875746438577,0.2952082101228617,0.2952082101228617,0.31488875746438577,0.2952082101228617,0.31488875746438577
ATF7IP2,0.2952082101228617,0.2952082101228617,0.2952082101228617,0.31488875746438577,0.31488875746438577,0.2952082101228617,0.2952082101228617
IQCK,0.2952082101228617,0.31488875746438577,0.31488875746438577,0.31488875746438577,0.2952082101228617,0.31488875746438577,0.2952082101228617
ZNF689,-0.2952082101228617,0.31488875746438577,-0.31488875746438577,0.31488875746438577,-0.3591667202828096,0.31488875746438577,0.31488875746438577
ITGAX,0.2952082101228617,0.31488875746438577,0.2952082101228617,0.31488875746438577,0.2952082101228617,0.2952082101228617,0.31488875746438577
LINC02133,-0.31488875746438577,-0.31488875746438577,-0.2952082101228617,-0.31488875746438577,-0.3137903024548465,-0.31488875746438577,-0.31488875746438577
KIFC3,0.2952082101228617,0.31488875746438577,0.2952082101228617,0.31488875746438577,0.31488875746438577,0.2952082101228617,0.2952082101228617
LINC01572,0.2952082101228617,0.31488875746438577,0.31488875746438577,0.3347096559518362,0.2952082101228617,0.31488875746438577,0.31488875746438577
ZNRF1,0.2952082101228617,0.33671880026513396,0.31488875746438577,0.2952082101228617,0.2952082101228617,0.2952082101228617,0.2952082101228617
VAT1L,-0.31488875746438577,0.31488875746438577,-0.31488875746438577,0.2952082101228617,-0.2952082101228617,-0.2952082101228617,-0.2952082101228617
WWOX,0.2952082101228617,0.31488875746438577,0.2952082101228617,0.31488875746438577,0.31488875746438577,0.2952082101228617,0.2952082101228617
MAFTRR,-0.2952082101228617,-0.31488875746438577,-0.2952082101228617,-0.31488875746438577,-0.31488875746438577,-0.2952082101228617,-0.31488875746438577
PLCG2,0.31488875746438577,0.2952082101228617,0.31488875746438577,0.31488875746438577,0.2952082101228617,0.2952082101228617,0.31488875746438577
CDH13,-0.31488875746438577,-0.31488875746438577,-0.31488875746438577,0.31488875746438577,0.31488875746438577,0.31488875746438577,0.31488875746438577
TRAPPC2L,-0.31488875746438577,0.31488875746438577,0.2952082101228617,0.31488875746438577,-0.31488875746438577,0.31488875746438577,-0.31488875746438577
RPH3AL,-0.31488875746438577,0.31488875746438577,0.2952082101228617,0.31488875746438577,0.2952082101228617,0.31488875746438577,0.2952082101228617
NXN,0.2952082101228617,0.31488875746438577,0.2952082101228617,0.31488875746438577,0.31488875746438577,0.31488875746438577,0.2952082101228617
CHRNE,0.31488875746438577,0.31488875746438577,0.2952082101228617,0.31488875746438577,0.31488875746438577,0.31488875746438577,0.2952082101228617
ALOX12-AS1,0.31488875746438577,0.2952082101228617,0.2952082101228617,0.3591667202828096,0.2952082101228617,0.31488875746438577,0.31488875746438577
COX10-AS1,0.2952082101228617,0.2952082101228617,0.31488875746438577,0.31488875746438577,0.2952082101228617,0.33671880026513396,0.31488875746438577
CCR10,-0.31488875746438577,-0.31488875746438577,-0.31488875746438577,-0.31488875746438577,-0.31488875746438577,-0.2952082101228617,-0.31488875746438577
ARL17B,-0.31488875746438577,-0.3591667202828096,-0.31488875746438577,0.31488875746438577,0.31488875746438577,0.2952082101228617,0.2952082101228617
BCAS3,0.2952082101228617,0.31488875746438577,0.31488875746438577,0.31488875746438577,0.31488875746438577,0.31488875746438577,0.31488875746438577
ABCA10,0.2952082101228617,0.31488875746438577,0.2952082101228617,0.2952082101228617,0.31488875746438577,0.31488875746438577,0.2952082101228617
USP36,0.2952082101228617,0.31488875746438577,0.31488875746438577,0.2952082101228617,0.2952082101228617,0.2952082101228617,0.2952082101228617
LINC00470,-0.31488875746438577,-0.31488875746438577,-0.2952082101228617,-0.2952082101228617,-0.31488875746438577,-0.31488875746438577,-0.31488875746438577
AQP4-AS1,0.2952082101228617,0.31488875746438577,0.2952082101228617,0.2952082101228617,0.31488875746438577,0.2952082101228617,0.2952082101228617
MIR924HG,-0.31488875746438577,-0.2952082101228617,-0.31488875746438577,-0.2952082101228617,-0.31488875746438577,0.31488875746438577,-0.2952082101228617
SLC14A2,-0.31488875746438577,-0.31488875746438577,-0.2952082101228617,-0.2952082101228617,-0.2952082101228617,-0.2952082101228617,-0.31488875746438577
KATNAL2,0.2952082101228617,0.33671880026513396,0.31488875746438577,0.31488875746438577,0.31488875746438577,0.3591667202828096,0.31488875746438577
LIPG,0.2952082101228617,0.31488875746438577,0.2952082101228617,0.31488875746438577,0.33671880026513396,0.31488875746438577,0.31488875746438577
TCF4-AS1,0.31488875746438577,0.3591667202828096,-0.31488875746438577,0.31488875746438577,-0.31488875746438577,0.31488875746438577,0.31488875746438577
CBLN2,0.2952082101228617,0.31488875746438577,0.2952082101228617,0.31488875746438577,0.3591667202828096,0.2952082101228617,0.31488875746438577
CTXN1,-0.31488875746438577,0.31488875746438577,0.2952082101228617,0.2952082101228617,-0.31488875746438577,0.31488875746438577,-0.31488875746438577
LDLR,0.2952082101228617,0.2952082101228617,0.31488875746438577,0.31488875746438577,0.31488875746438577,-0.31488875746438577,0.2952082101228617
PRDX2,0.31488875746438577,0.31488875746438577,0.3137903024548465,0.31488875746438577,-0.31488875746438577,0.31488875746438577,0.31488875746438577
NFIX,-0.31488875746438577,0.31488875746438577,0.2952082101228617,0.36908387964894684,0.31488875746438577,0.2952082101228617,0.2952082101228617
CACNA1A,0.2952082101228617,0.31488875746438577,0.2952082101228617,0.2952082101228617,0.2952082101228617,0.31488875746438577,0.31488875746438577
FKBP8,0.2952082101228617,0.3591667202828096,0.2952082101228617,0.31488875746438577,0.2952082101228617,0.31488875746438577,0.2952082101228617
ZFP36,0.2952082101228617,0.31488875746438577,0.31488875746438577,0.31488875746438577,0.2952082101228617,0.2952082101228617,0.2952082101228617
PLAUR,0.2952082101228617,0.31488875746438577,0.2952082101228617,0.2952082101228617,0.31488875746438577,0.2952082101228617,0.31488875746438577
APOE,0.31488875746438577,-0.31488875746438577,-0.31488875746438577,0.31488875746438577,0.2952082101228617,0.31488875746438577,0.31488875746438577
APOC1,0.2952082101228617,0.31488875746438577,0.2952082101228617,0.31488875746438577,0.2952082101228617,0.2952082101228617,0.31488875746438577
APOC2,0.2952082101228617,0.31488875746438577,0.2952082101228617,0.31488875746438577,0.33671880026513396,0.31488875746438577,0.31488875746438577
RELB,-0.31488875746438577,0.31488875746438577,0.2952082101228617,0.31488875746438577,0.31488875746438577,-0.31488875746438577,0.31488875746438577
GEMIN7-AS1,-0.31488875746438577,-0.31488875746438577,-0.31488875746438577,0.31488875746438577,-0.31488875746438577,0.31488875746438577,0.31488875746438577
OPA3,0.2952082101228617,0.31488875746438577,0.2952082101228617,0.31488875746438577,0.33671880026513396,0.2952082101228617,0.2952082101228617
KPTN,0.31488875746438577,-0.2952082101228617,0.2952082101228617,0.31488875746438577,-0.31488875746438577,-0.2952082101228617,-0.31488875746438577
DSTN,0.2952082101228617,0.31488875746438577,0.2952082101228617,0.31488875746438577,0.33671880026513396,0.31488875746438577,0.31488875746438577
MAFB,0.31488875746438577,0.2952082101228617,0.2952082101228617,0.31488875746438577,0.31488875746438577,0.2952082101228617,0.31488875746438577
TSHZ2,0.2952082101228617,0.31488875746438577,0.2952082101228617,0.31488875746438577,0.31488875746438577,0.2952082101228617,0.31488875746438577
CASS4,-0.31488875746438577,0.31488875746438577,-0.31488875746438577,0.31488875746438577,0.2952082101228617,0.2952082101228617,0.2952082101228617
MIR646HG,0.2952082101228617,0.31488875746438577,0.2952082101228617,0.31488875746438577,0.33671880026513396,0.31488875746438577,0.2952082101228617
CDH4,0.2952082101228617,0.31488875746438577,0.2952082101228617,0.31488875746438577,0.3347096559518362,0.31488875746438577,0.2952082101228617
LINC02246,0.31488875746438577,0.33671880026513396,0.31488875746438577,0.31488875746438577,0.31488875746438577,0.2952082101228617,0.36908387964894684
LINC01684,0.31488875746438577,0.31488875746438577,0.2952082101228617,0.31488875746438577,0.2952082101228617,0.31488875746438577,0.31488875746438577
MIR155HG,-0.31488875746438577,0.31488875746438577,-0.31488875746438577,0.31488875746438577,0.3591667202828096,0.31488875746438577,-0.2952082101228617
ATP5PF,0.2952082101228617,0.31488875746438577,0.2952082101228617,0.31488875746438577,0.2952082101228617,0.31488875746438577,0.31488875746438577
APP,0.31488875746438577,0.31488875746438577,0.2952082101228617,0.2952082101228617,0.33671880026513396,0.2952082101228617,0.31488875746438577
DSCAM,0.2952082101228617,0.2952082101228617,0.31488875746438577,0.31488875746438577,0.31488875746438577,0.2952082101228617,0.2952082101228617
BACE2,0.31488875746438577,0.2952082101228617,0.31488875746438577,0.31488875746438577,0.2952082101228617,0.2952082101228617,0.31488875746438577
SPATC1L,-0.31488875746438577,-0.31488875746438577,0.31488875746438577,0.31488875746438577,-0.3591667202828096,-0.2952082101228617,-0.31488875746438577
UQCR10,0.2952082101228617,0.31488875746438577,0.3137903024548465,0.31488875746438577,-0.31488875746438577,0.31488875746438577,0.31488875746438577
MAFF,-0.31488875746438577,-0.31488875746438577,-0.31488875746438577,-0.31488875746438577,-0.2952082101228617,-0.31488875746438577,-0.31488875746438577
SREBF2-AS1,-0.31488875746438577,-0.2952082101228617,-0.31488875746438577,-0.2952082101228617,-0.31488875746438577,-0.2952082101228617,-0.31488875746438577
SREBF2,0.2952082101228617,0.33671880026513396,0.31488875746438577,0.31488875746438577,0.31488875746438577,0.2952082101228617,0.2952082101228617
SYAP1,0.31488875746438577,0.31488875746438577,0.2952082101228617,0.31488875746438577,0.33671880026513396,0.2952082101228617,0.2952082101228617
PRDX4,0.2952082101228617,0.31488875746438577,-0.31488875746438577,0.31488875746438577,0.2952082101228617,0.3591667202828096,0.31488875746438577
PCDH11X,0.2952082101228617,0.31488875746438577,0.2952082101228617,0.31488875746438577,0.31488875746438577,0.31488875746438577,0.31488875746438577
PCDH11Y,0.2952082101228617,0.31488875746438577,0.31488875746438577,0.31488875746438577,-0.31488875746438577,0.36908387964894684,0.31488875746438577
